Protocol,Node,Day,Delay,Bandwidth,Power,Range,PlantHealth,Capacity,TotalTraffic
WiFi,Node1,1,9.723471397657631,52.483570765056164,106.47688538100692,37.61514928204013,-4.419163878318005,988.2923312638331,272.45217917731634
WiFi,Node2,1,12.021030569613053,51.39520646100069,94.19121865976484,27.374150964109262,0.24756431632237863,971.4309917122929,262.0271407620811
WiFi,Node3,1,8.875424941518055,41.375410837434835,89.87168879665576,31.571236662976368,-0.43930015782964027,954.5987962239394,252.81341453294112
WiFi,Node4,1,11.195440933825216,46.85262519537875,125.59488031037793,31.971165109398004,-3.294758763127085,1006.110958261134,275.09004485133386
WiFi,Node5,1,9.416612500413446,46.99680655040598,93.98293387770603,39.26139092254469,-4.656114788847816,999.3251387631033,268.3526181843757
WiFi,Node6,1,10.778697826512246,48.852747730840214,87.34880886077357,35.459961321788356,-3.1514554447447294,1138.915652077622,313.8626481191708
WiFi,Node1,2,10.34273656237994,53.69233289997705,98.8435171761176,28.494481522053555,3.2873750915192943,926.0739004816286,253.10311367508925
WiFi,Node2,2,8.238817467905786,43.266609513193266,88.69447695318433,30.67214441314011,2.2900716804098735,1029.106139735652,283.3360479242116
WiFi,Node3,2,9.38157524829757,45.80391238388681,103.31263431403563,34.877725635611796,-1.890176782843378,976.0412881077355,267.1165443614476
WiFi,Node4,2,8.203584121088644,55.898581723503504,108.34795419230429,31.482806921644855,2.1324478722299496,948.1085061742259,264.07927888295
WiFi,Node5,2,13.076073132931938,51.80697802754207,99.64173960890048,37.82321827907003,-4.745808732559048,869.0127447955128,246.38220281390207
WiFi,Node6,2,12.084983234678841,42.906247707042986,109.03532490625842,30.09500165531075,2.5555113854304867,973.2791773163248,258.57990964430655
WiFi,Node1,3,8.996485912830927,45.95753198553406,109.15402117702074,31.643755548298422,3.925589984899778,973.511989811648,270.2336074274448
WiFi,Node2,3,10.351106587909666,56.859310667748886,96.90711453555423,33.365627513869875,-0.7289221137374371,987.1684908653723,271.3360049133578
WiFi,Node3,3,10.522110544359778,51.48060138532288,100.05113456642461,28.827064333124266,-3.8013463266631717,929.2314628974793,255.18093140689984
WiFi,Node4,3,9.66787818329787,52.264681632667546,102.14938830094755,19.888425334021324,4.717820827209607,952.8471595766368,269.95088149603174
WiFi,Node5,3,9.946972249101567,40.40614392350479,100.60230209941027,42.316210562426434,-3.551051279087769,990.3819517609438,271.5892666811519
WiFi,Node6,3,9.985239700110855,51.69910482093322,107.67296838706405,24.25103711252821,2.2821634861185958,961.2331947021528,269.5524269812691
WiFi,Node1,4,7.196297874415438,57.013971554680495,105.8685709380027,40.952278129049894,-4.592248584452361,950.4731837434656,263.31582260884903
WiFi,Node2,4,11.747178831270759,58.53302476839231,100.09144345740137,28.172303515837285,-3.2563357099500854,1032.4543366314554,278.79026444578034
WiFi,Node3,4,13.09986881003508,45.402878828830985,92.16746707663764,28.38969241897162,3.172222002012159,1040.6758608684836,275.4931537501052
WiFi,Node4,4,15.078325432538666,56.81943262208553,96.75509042171107,28.970666414522476,-1.507904253873391,927.9979276158101,263.1827204602296
WiFi,Node5,4,10.593969346466372,52.60970782808449,102.50492850345877,31.732241047484877,-3.3837128590538623,965.9987639210755,268.33136849087873
WiFi,Node6,4,11.694802865153278,51.13144134749437,101.74833011991471,23.915725538203805,-2.757306905394402,1052.4673696160432,294.25132717697096
WiFi,Node1,5,11.574169207484903,45.126591648863396,111.58595579007404,25.89658840824145,1.5761289230034334,1048.168806462216,287.70386845666786
WiFi,Node2,5,10.291723704856619,45.661794550103124,86.30128943283704,26.141096252533707,1.311386259972629,1043.9336774095448,281.2972548783885
WiFi,Node3,5,12.907068154314633,50.065009459389536,97.35343166762044,43.600845832948096,-2.192276375591442,1031.2833673882503,277.9981425491241
WiFi,Node4,5,9.725456365804368,50.209900322350116,98.7586761111834,33.70170408973869,-1.1490227139807474,977.3768883827665,272.96575384505815
WiFi,Node5,5,11.712797588646945,47.767425239664895,102.14093744130204,23.771306106440058,0.7006117008936492,1008.6590462925591,277.44664499036156
WiFi,Node6,5,8.382126217219277,51.15476861472566,110.57423508862377,30.256804297398176,2.024840839871093,1043.6223578830227,292.3756092139569
WiFi,Node1,6,8.124349920169754,43.111653160214544,105.1503526720866,32.56892975456105,2.9829517896677515,1025.7523843153024,299.0047136615829
WiFi,Node2,6,11.976405221008223,56.654406639860426,102.32296158176405,30.880904610261606,-4.06018060159131,942.3717314169993,254.66948225473945
WiFi,Node3,6,10.163748278772646,47.57318226085448,123.14658566673509,20.66367403704126,-4.694997500609506,1034.3130095187257,276.3364701897911
WiFi,Node4,6,9.330365505210533,45.53439863185388,115.60380141132879,30.642755000355407,-4.14652535006232,1027.4788172531335,275.609435926071
WiFi,Node5,6,8.696799304788366,50.22785919951907,121.43944089325325,33.169595111590056,2.9518619476870365,898.7428706671196,252.60181788704557
WiFi,Node6,6,6.661735281818936,47.777506278904085,92.28180922243244,38.30650865304077,-2.497571018354047,983.2876454424816,268.5019665611879
WiFi,Node1,7,10.80996342192191,58.82727120140548,87.39116045664954,34.58930973527388,-0.8039993757221007,1106.1078098506316,307.68424894266565
WiFi,Node2,7,7.44016053347374,46.34629298385173,97.62608038793331,39.36002840236152,-0.2652822921943434,999.0278929550226,269.25374431793216
WiFi,Node3,7,7.504433636070301,48.7371592430342,116.32411303931636,22.849293110196836,-1.2538738537352878,977.9977756651508,271.1109775005426
WiFi,Node4,7,14.695993856900646,50.292544511534224,104.04975508770525,34.548690874799085,0.8577558127346325,989.8771237084225,272.0118508066453
WiFi,Node5,7,11.324261349042093,50.56758672625624,115.86016816145352,23.810922505865754,4.414648087765251,1106.6516687328133,292.3637324707096
WiFi,Node6,7,9.783004222872973,52.19663570051717,95.1356723394764,31.037991306428598,-4.767280642641741,1044.2495233593334,283.7459527935902
WiFi,Node1,8,11.69920419404205,47.053176215278945,103.57015485965047,26.535452023696728,2.350710438038858,1044.9799937716625,286.12386063832184
WiFi,Node2,8,11.753509299904652,46.85149571367444,105.51737010465074,26.44936021036258,2.764129607419968,910.6164194034109,244.99199972417705
WiFi,Node3,8,9.595614695132213,52.73548690585019,97.82318796772779,35.49388425993595,-3.968761311640674,1041.2708174494014,290.0422267504337
WiFi,Node4,8,11.861868167948158,50.06073254536613,94.7681190641289,34.74571493890499,-4.891623485197016,988.0387601065122,275.38408853960556
WiFi,Node5,8,9.73971389126463,51.62083176244221,100.96995964992718,32.975785127184565,-2.0678922830193547,959.0889658383264,275.62166442399155
WiFi,Node6,8,7.606679061572956,56.02461460889287,107.7067832952311,33.335280517348956,0.4952888232373551,965.0426710954041,268.91530902720393
WiFi,Node1,9,9.705885236995723,54.87559866708875,91.74502803207488,28.393070791735035,1.182180633162611,1020.6465727137812,277.399570278289
WiFi,Node2,9,10.407645455054935,47.8334829654872,105.59109202614528,34.362707957152395,4.472485773838587,1057.7177169204463,286.3646566876503
WiFi,Node3,9,9.573105696576306,46.40777889373782,103.10907565598005,37.37678108474776,-3.888025176938487,1042.882981160101,284.30291304769656
WiFi,Node4,9,9.990874342019408,48.48837878961846,93.17657398879847,29.759022572320934,0.833687650971596,1063.5569112990456,293.0558062455106
WiFi,Node5,9,10.803423444197882,49.45619925771571,106.90143991711112,27.993897640570818,-4.262034352646012,1011.2046240905208,277.8432337063863
WiFi,Node6,9,10.108701155877142,52.368136938637825,122.75761297567203,32.03113342524964,1.2755808008406344,978.4028899195814,281.40279729153355
WiFi,Node1,10,10.366684011476703,54.36160318360339,121.89802933217672,25.958508573224243,-0.3630159506001789,958.0139078909611,264.2475370577147
WiFi,Node2,10,6.379737350007968,55.163002020089884,80.8729348293578,31.81238229402651,-3.373830606551087,1028.5673755163393,287.11402024314094
WiFi,Node3,10,13.662917531708707,43.39883396489679,111.79440120721287,27.654121739476476,4.699143978146033,914.3432735454561,257.96943594910624
WiFi,Node4,10,10.557446069941323,51.37817578943704,75.47735398684267,25.49353090667666,3.6472237625505315,994.5685667955572,270.30673118613436
WiFi,Node5,10,10.093961187529484,50.026218498590914,95.49934528520757,33.114249661737496,4.540510272587223,946.6189785308703,259.9105420176607
WiFi,Node6,10,11.07098361995041,43.15704942229071,110.60446814110468,37.70685498459091,1.7157319559279962,958.6053460542144,261.72493540463967
WiFi,Node1,11,10.231349268585717,57.75575987761262,111.79297184063826,30.337592407050543,3.7665360265834504,1103.0373962440995,312.3243613858947
WiFi,Node2,11,9.461811124142098,44.89808376368923,114.89045173884479,34.38912584240057,-4.8545533433211805,978.3174836614077,267.8961197596788
WiFi,Node3,11,6.482521027153771,55.292122434247936,88.16741487334225,19.803839111199498,0.1398948915981082,986.5296582777721,275.31119707158075
WiFi,Node4,11,12.668891281728271,47.56642751978625,109.81547376730082,31.65350278531966,-2.4175561170104167,999.2640870682532,278.21929923698167
WiFi,Node5,11,9.934610503811815,51.92032724469654,79.32557899960123,29.55439980243606,-4.241366718913361,934.7765249747573,260.25401628651366
WiFi,Node6,11,10.975346549846588,44.49374047576444,107.47368031611802,28.546538459844783,-3.2768012879837016,1102.7546304310736,297.58344542186336
WiFi,Node1,12,8.414254335475311,47.348711908137794,98.92969640045442,24.82378838790313,0.03417270854856902,972.3175347326409,260.74420734957545
WiFi,Node2,12,10.08426816348386,49.49025243760072,105.1458899069054,36.02317536287913,2.4825969038365834,1042.5677132300254,282.56194970705474
WiFi,Node3,12,8.84836351871064,47.34749426194736,97.24948302848355,18.490394176322077,-0.3746528386685206,924.2404468900723,260.9972592881807
WiFi,Node4,12,8.024128308406917,54.25701046189414,100.28620559567827,34.84311578152211,-0.5258763317654536,951.3865726137964,264.7134030546558
WiFi,Node5,12,10.406927271734446,41.96776839871214,92.43649254715697,22.88873145201163,-3.802378681807488,967.6713557878737,257.5972487555698
WiFi,Node6,12,11.82112824474216,51.09111366265548,110.55330996546415,33.26817130667662,0.371065418185478,956.3012940257452,264.72213864561877
WiFi,Node1,13,11.077820087369318,57.61562038634828,89.62753845673544,29.04830660958196,1.4591724133160122,956.2190873307621,257.55210583178626
WiFi,Node2,13,11.882569156120951,40.43111209865822,100.27690931616213,30.63682739268578,-3.47140860815668,981.9288580286511,265.7756702002741
WiFi,Node3,13,9.025749232470607,46.746787154390866,94.07606075761132,25.68004615160092,-0.8960317301033847,1002.4260813972413,269.4070660369246
WiFi,Node4,13,9.830182335008335,51.95126634491571,102.37324384759744,31.367887015693142,1.6864321992443099,963.7999101697851,263.62781659339953
WiFi,Node5,13,11.502774246743577,50.49666152714613,83.30594718878629,32.71680096189967,-1.7632076359575635,966.8688120527077,267.47323511370934
WiFi,Node6,13,4.518090311080597,51.398786748933546,95.41380723057001,28.466418003390913,0.8123822142261226,923.7854733415004,260.3751503832475
WiFi,Node1,14,7.577967600475087,49.669601006763415,93.4816389219784,30.23699335658207,-4.366250295272323,956.9793317358024,261.78566806952597
WiFi,Node2,14,11.52050218927072,46.990156605518074,111.06329104828443,33.85819074650668,-0.8815908585273142,963.8330458774383,277.763766590253
WiFi,Node3,14,9.593909227914015,52.8853606359027,103.71145873371309,26.980074066420897,0.744731131799119,1004.329489373645,275.9337255317412
WiFi,Node4,14,10.227458920425962,49.400745403172,94.05483947275751,32.94164259230321,3.145747202313821,984.0760744674831,268.0937440651807
WiFi,Node5,14,14.150801597290878,51.448874284482066,108.71124703431693,28.369882339160796,-0.608650914297816,1060.0606961081971,287.8993504939326
WiFi,Node6,14,5.539340184748222,46.61793489757981,110.51593040671666,25.782275188772648,3.995745732745684,920.9874031628236,255.34554982972287
Bluetooth,Node1,1,8.944323454960575,2.4147027905917446,5.235614558108566,11.541730387773933,-3.607279273366127,170.42827508440317,48.542397072188706
Bluetooth,Node2,1,26.236635276158623,2.254689058168053,5.96592200795959,10.164109742305595,-1.8827793220445175,190.25209952157704,46.21014399002294
Bluetooth,Node3,1,15.719580870455664,2.4151679082721227,5.071566237219392,9.044685106469768,-1.5791825128409256,209.57959651492783,52.68219385824468
Bluetooth,Node4,1,17.776812208771798,2.643487481924797,4.572592057550525,8.894708453305988,1.4114763288529728,219.27700637430723,57.75614344597821
Bluetooth,Node5,1,29.38397906279033,2.2067174516118504,4.2262108008964265,7.510690593377166,-0.3799419635586734,164.42559502191443,44.188992443786454
Bluetooth,Node6,1,33.217857916992756,2.090265420902716,4.797153780329848,10.093830869900517,4.224993811772958,235.64327237072158,56.61885646180096
Bluetooth,Node1,2,22.357341785679978,1.604762772277344,6.882024496475034,12.690840092309955,4.343670147690148,231.86373253278794,52.525376172466764
Bluetooth,Node2,2,23.905366338082263,1.9548861679718952,7.538691101737486,11.047905334215587,-1.6480275835409905,188.23826347370894,43.58661991780621
Bluetooth,Node3,2,11.725716640671154,1.4939478123699161,5.823170583961915,10.146635934376807,2.3750124810974835,174.20078200517892,36.148740887613556
Bluetooth,Node4,2,18.696324175540905,1.2486174911846981,3.874580992253111,9.70192666654094,-0.8107455049545207,199.86693090737526,40.91941962088141
Bluetooth,Node5,2,23.48103182406709,1.884532734895661,6.848956094945345,12.253130059095515,-4.146503319213561,194.6222261889034,40.49695773758276
Bluetooth,Node6,2,20.79127990476684,2.0003495587785873,4.322433787266293,10.298573126944955,3.9805428944071366,184.3491258953104,46.648677594595206
Bluetooth,Node1,3,17.26570529379804,1.7131689965598818,4.9672467297840015,8.91315045773247,2.7552761669501056,185.74308434645673,44.83335025279954
Bluetooth,Node2,3,6.703243214753137,2.694291134520144,2.921623345081057,7.518719844624858,-3.1807186950472888,176.44943269450127,45.4256401232167
Bluetooth,Node3,3,16.110916562045624,1.2962441526410893,3.8894241545341712,13.504540886847245,-4.729040074965165,218.71356786294922,59.503478837635335
Bluetooth,Node4,3,16.35842425026057,1.647764948270235,5.098745777637335,9.739309708025583,-2.618172189532735,210.00955038841263,45.58648730094878
Bluetooth,Node5,3,18.125895962252013,1.8798373009209324,5.7109599682034915,10.88852662297208,1.6808513657064612,192.7806766836184,51.96206994523534
Bluetooth,Node6,3,15.313221588883394,1.671383340941253,3.3302208279316,13.529373868525438,-1.2030759183273307,175.16997538101754,38.21938205662165
Bluetooth,Node1,4,23.030049756728197,1.2216854132380481,3.719570647503717,13.50958836396873,-2.0553424045808235,158.36141184232557,44.983334077835195
Bluetooth,Node2,4,19.845208746817132,2.4859113450863677,4.664284927113429,12.692088414929435,-2.421123145667977,243.10479076866147,62.13630483913792
Bluetooth,Node3,4,19.080083318236603,2.085432719063971,5.018433933065393,10.695163410723342,-4.816093234525333,189.20480639381276,41.49669734908247
Bluetooth,Node4,4,22.759318276547504,1.1852035070118365,7.005574045639953,11.4351831595861,-4.8900417134151954,190.61704559610132,47.60946450719239
Bluetooth,Node5,4,24.91345491972757,2.1280148671569377,6.665474444462577,12.028740130036262,0.18917705282837538,163.1825153733671,31.311983084171484
Bluetooth,Node6,4,20.99279181448146,1.8259934568515805,3.565635032841154,11.16204401973197,-1.4432728353505087,169.51969516545938,35.72379757447699
Bluetooth,Node1,5,25.268208983039198,1.5120633735113336,4.050601111168057,15.26476412967478,2.325720972102503,209.86635801761778,49.84275960731979
Bluetooth,Node2,5,12.404100085069114,2.3037834321656794,4.994663529163336,8.682462348437287,2.7091220374582194,166.2088554784346,45.49627325135336
Bluetooth,Node3,5,28.85400317817755,1.9825057547515192,4.373032942212233,13.624897115993857,2.9941587896897923,214.1550387091095,46.519217099132405
Bluetooth,Node4,5,24.64741253672385,1.456109532369119,3.2371330711289596,12.288270405232836,0.4190094737835812,173.6130422172519,38.696561165320915
Bluetooth,Node5,5,23.052928726419115,2.1900989255029817,5.559790447931039,12.161561451109243,-2.5033199114081404,216.67844309097808,53.80117821417275
Bluetooth,Node6,5,19.710475463311077,1.2367240691511268,5.81848473463854,10.267695308492,4.7105824516536785,208.9327946303417,48.45546302214536
Bluetooth,Node1,6,23.40750348686312,1.9802224230716725,5.0283183761304615,10.059512278991491,-4.629923652845074,218.76567611951995,49.26106505254687
Bluetooth,Node2,6,22.505166717586725,1.2974200388177701,3.9575151257728614,12.55585365847633,-1.8470966216938969,194.77945493506408,46.37387903257826
Bluetooth,Node3,6,20.982773882557872,2.7234889421768664,6.031844539468635,7.028879253926056,-2.670405252463662,205.34100531738517,53.49204589287131
Bluetooth,Node4,6,20.235086065618724,2.356699795102723,6.223170950591458,8.633136419739754,1.2750546321837009,189.8028484500005,32.67786812691507
Bluetooth,Node5,6,27.266922385588504,1.7772487392996141,6.579572145730713,8.954279945693463,-1.4537784235922349,191.59626365808285,42.74829314792772
Bluetooth,Node6,6,14.745440210859066,1.496942053458252,3.0663216988924398,7.585208336707251,4.499611839502254,178.58843840645665,46.021132352515046
Bluetooth,Node1,7,18.930055778872454,2.492161199238292,4.950536290347567,11.349638984333208,4.911686261369766,177.54555956875402,44.07702709228869
Bluetooth,Node2,7,28.10554278893858,2.583551457191818,3.430039662342657,10.147925928147137,-3.1356173785574546,189.64932698183551,40.578847773601524
Bluetooth,Node3,7,25.94508265553776,1.6813064363467412,6.420504247989855,8.858507412501048,3.158331249906178,183.35288853791542,44.437734549136074
Bluetooth,Node4,7,16.481899685367768,1.6473946318351094,7.357376365032708,11.875676603133288,3.774608626303804,183.19779842833324,44.96156823209074
Bluetooth,Node5,7,18.061492200320078,1.6936056547578069,5.285865390724905,10.668913579974049,-4.130132400885898,213.1708854534566,61.50806615167471
Bluetooth,Node6,7,13.713298497855778,1.1257265075212368,5.884100836559179,8.098632417189346,-2.7981679805018866,183.1818240390429,44.482373993236166
Bluetooth,Node1,8,21.118939758194493,1.7411943504819143,4.983577103927248,12.376786546896168,3.2468096592514915,250.53864851747244,57.23374517304714
Bluetooth,Node2,8,14.340919289336522,2.6619374018936064,3.3606037323359437,10.92509710529508,1.5845183465842547,204.80045475370093,51.46137196418144
Bluetooth,Node3,8,22.53637015553649,2.410241090598682,6.066674689589154,12.338591180891346,-3.413948947069263,227.64317982075053,57.764437164565095
Bluetooth,Node4,8,15.832205063603666,1.8148383157013517,4.310459678919634,10.98991103512305,0.07467733760836204,208.36505109572002,52.448141054879564
Bluetooth,Node5,8,20.232182740780743,2.0955495340099515,3.640143859020081,11.492507132054442,2.798453951511436,212.90968362282152,61.424639879208684
Bluetooth,Node6,8,17.993101213338868,2.1332902733474683,5.538022354796844,10.095908100566211,4.320281055100175,224.17963888212932,46.72138890730371
Bluetooth,Node1,9,20.97044996449154,1.776783192724736,6.073631749859772,7.9469694011778795,-1.5411694304704326,202.65939348293753,44.584959377526026
Bluetooth,Node2,9,20.639013486833914,1.7599340661520746,5.367102266788067,8.948389225374086,2.7040741780779323,197.37923186002007,36.417710263399954
Bluetooth,Node3,9,29.40578534720295,1.7224002366534008,3.5519860995837558,5.602388086759836,1.9368222578148862,208.80028900106666,44.86384103146467
Bluetooth,Node4,9,26.552719123461067,2.560926594713424,4.777587221544434,7.7060827425331215,1.3852594766408552,197.70819399384064,48.8449200491489
Bluetooth,Node5,9,16.540459650593778,1.2372374145376306,4.9544139836445025,10.486678898645383,-2.868952959749167,195.1752788428734,48.78039897881654
Bluetooth,Node6,9,18.852986986348238,2.037103106900078,5.950502755282625,9.314048343394742,-3.1447448429687883,210.11003621222983,50.44140810182993
Bluetooth,Node1,10,22.283766095768918,2.171362673188852,5.569767280232204,10.89541712003463,-3.6875512231761243,212.8544551973509,57.34015717798651
Bluetooth,Node2,10,22.457022835097487,2.6246008837437667,3.969282497198477,9.90046698070183,-0.6969410510053731,207.49955876679417,45.31066645661584
Bluetooth,Node3,10,12.84612448940976,1.9799210246778283,5.128104414910789,8.637896685050238,-1.8963804107642623,216.8128709797745,50.00437355423486
Bluetooth,Node4,10,19.873054768077566,1.8615505801018108,4.826965121303082,8.623680619799455,-2.0833742129069677,249.4455892454532,57.48396989550754
Bluetooth,Node5,10,22.127287808924823,2.392900079325416,4.033023856870787,9.904577287716041,1.1815573431811908,199.92794921818864,41.32202970351092
Bluetooth,Node6,10,28.908125452126836,2.262444389331975,4.123681332025819,10.075320466335876,-4.214215028449793,194.61627736637223,44.24733024849233
Bluetooth,Node1,11,18.594498535570224,1.4991899950525422,6.797686526849523,11.28168572253402,-3.3251741774093024,188.57642020434406,48.14798789695063
Bluetooth,Node2,11,16.00727342196909,2.1377552811741265,6.811980124134871,10.715851457383538,3.017280830697919,207.86526302767356,53.87953960241101
Bluetooth,Node3,11,17.32382394219716,2.5247763576596673,6.317394065634326,10.3951992093848,0.26402660936113165,241.5052174525053,55.361331428101565
Bluetooth,Node4,11,21.02274698045373,1.815239191588885,3.968423753129842,8.94140352490756,-0.018042835468610186,212.37373095695813,55.924891981654746
Bluetooth,Node5,11,22.18161834837016,2.8637715850503556,5.0380034781682,10.240062653436523,-4.278015910208241,212.27035945460833,45.60613911950019
Bluetooth,Node6,11,19.44633285459652,2.5455230510823337,5.932879084328621,11.746317097238297,-1.2896123701539732,162.71336943381812,34.289813354484544
Bluetooth,Node1,12,25.235491513060772,2.112225909279986,6.6839276914578685,9.08223147426212,4.007018640112586,221.5736166686259,51.70958470067805
Bluetooth,Node2,12,17.13615787725737,1.1835238597290083,5.800498241765973,10.358549208853368,1.3156022009252055,210.65719785626916,44.355281052141244
Bluetooth,Node3,12,21.979017667187044,1.6872186492452352,5.494030186282739,10.521347531647814,4.713950940416396,188.9938969230916,40.840492300608645
Bluetooth,Node4,12,18.54255010503255,2.161900063802973,3.349508789962238,9.899154296557025,0.14817353929690213,196.8653920355495,52.29091547325658
Bluetooth,Node5,12,11.301431106109503,2.5743828501860517,4.637559058596868,7.760660210747712,2.7347312568660067,174.1063704855819,48.55780754567575
Bluetooth,Node6,12,18.638020147500956,1.2220506747550521,2.9048424773200145,10.508347784492404,-2.512857274123701,194.81499114839548,52.45273806756818
Bluetooth,Node1,13,24.251108710567465,2.750379895317155,4.6513478655921405,9.301484591363142,3.441704489691972,193.56729897565234,55.508580679841714
Bluetooth,Node2,13,26.493692519718984,2.1813278111255845,4.6966915380640515,10.759452373880247,-4.429131439106851,193.46238440640695,42.195613713124246
Bluetooth,Node3,13,20.259729429036497,2.36381477181849,5.73264007721558,9.838566839782835,-4.584271409496079,201.5727038063218,38.35377699484366
Bluetooth,Node4,13,22.262674459106673,2.069671296810632,4.866420158694784,12.171732683735613,1.6686425754610434,157.98162277096165,51.364332947084336
Bluetooth,Node5,13,14.800470364372345,2.554091408368758,5.61277390506257,7.893168873652687,3.681422543775053,187.5246207860839,55.0293100224912
Bluetooth,Node6,13,15.41420097401982,2.273607969028502,4.96911236442842,14.00681453436421,0.7060974663882966,219.2593105822826,55.11412070857214
Bluetooth,Node1,14,25.9351515278019,2.552762966478992,5.638730222029185,7.713990174539033,-3.934069696920093,232.6686306460219,49.16050529657123
Bluetooth,Node2,14,18.73809978267775,2.502571286639009,5.340600019099859,12.870363098380103,-0.9585967834896705,211.2880597578653,52.828427513297726
Bluetooth,Node3,14,13.861960924315039,2.59473524446232,5.597400069849858,11.402345484621797,3.1783421617502157,194.04872993280017,54.36768511136239
Bluetooth,Node4,14,14.85662833435458,2.0602499793946505,3.721977416563624,6.712518568823885,-0.513063773774693,182.29673002000305,51.71721776818275
Bluetooth,Node5,14,13.38455103296251,1.6805191261552488,6.642015160136369,12.01963417868527,-1.202142198207702,186.23699309644553,56.97396316694528
Bluetooth,Node6,14,25.630585130076902,2.029571061136211,4.545755724846738,9.960129209508379,-1.0117721910309951,176.86511549896102,33.038224548265646
Zigbee,Node1,1,22.319257219017818,6.0225704320096405,12.768545637021036,21.691727360157078,4.555236959549347,264.86885854163216,69.9608911988414
Zigbee,Node2,1,16.176253589102608,4.747314311999036,9.62220662443105,21.65921982932144,-2.432234322794921,249.1578368272821,57.89345523713996
Zigbee,Node3,1,11.689232048352688,4.011408892849083,10.359788302306956,24.176006859033798,2.1615067422319356,272.95791515005783,61.389255863653545
Zigbee,Node4,1,10.239564853214732,4.396676434778287,9.731463793284979,19.52232836570987,0.25163383667060124,225.77000974215585,60.40546001232264
Zigbee,Node5,1,15.959345802427611,4.398632356048786,6.814012532936662,21.321424213881198,3.059925497751582,249.50905502683298,64.86191026422325
Zigbee,Node6,1,15.191065180954848,4.421036744805829,10.943922666493219,20.41764622593471,3.8420646334840782,280.1538348917648,72.16958581919813
Zigbee,Node1,2,13.011297247347155,4.298008312193245,7.194789456400613,25.24873022956082,2.805255152438618,218.90341911521787,51.79012453350965
Zigbee,Node2,2,13.318655545531428,5.802901618145686,13.639146093397311,17.51541805620271,-0.4823232126277084,255.9869365426474,61.42758700024248
Zigbee,Node3,2,15.929462130681083,3.812401580970487,11.267553761864196,21.241397292354495,-4.763614139536636,245.36780852805728,61.077682629283096
Zigbee,Node4,2,19.870189686897135,6.224584437626143,6.926104079947359,20.803253673093387,-0.032331411408305755,286.487340084588,62.82300738346555
Zigbee,Node5,2,19.9173504163322,4.196325432030269,13.355401628152881,18.339235274876017,-2.2583933344019416,264.2245769796319,73.83897650017249
Zigbee,Node6,2,12.866104125718387,3.899220717163315,8.826871840874563,19.407394322909095,3.003565078223616,231.0239888197838,58.222715096234516
Zigbee,Node1,3,10.332313061389119,5.233785911790748,10.661760464428914,22.500586884826774,-1.669980869418021,200.15660893571362,53.6878126785808
Zigbee,Node2,3,20.839628512544294,5.694997900776875,9.479002876122555,25.180501526656283,4.576252845053801,252.41084296983726,59.216960721680486
Zigbee,Node3,3,12.2379792207619,5.538755992446369,10.338721648072156,15.75885650928506,2.5616332889524607,247.2193484662825,58.193063188652054
Zigbee,Node4,3,11.35636953082078,6.3140094746439,8.9321817973664,15.77856792135525,3.420332943764212,251.82491889933394,67.9906794882616
Zigbee,Node5,3,16.179953518183115,7.319329539981695,10.384098232980064,19.072650607392497,2.820280876703859,253.33852261955707,63.38311794117686
Zigbee,Node6,3,12.330761694640294,3.929405661764398,8.591424583617622,19.283357756400207,-1.9447568934197648,252.17966010516076,67.2185781860276
Zigbee,Node1,4,8.541328221142551,3.8966333938261264,10.777157209061928,27.47899855229837,4.921580148233126,249.84822721150266,68.32082169016266
Zigbee,Node2,4,16.39191684877038,4.615158118052874,9.122825587485409,23.498908241710367,-1.9532086090195921,264.2110251564039,69.34177932245528
Zigbee,Node3,4,12.732764521521466,4.825040243304591,11.073019687140807,17.304596054626888,1.4097207734533201,250.7045289342282,63.433542151795876
Zigbee,Node4,4,15.592736766154223,4.774853472649979,14.929755271715367,19.099579146822524,0.02566076463442446,233.73967413225017,61.84396433243485
Zigbee,Node5,4,14.084325886935996,3.9348863369246274,8.780975595681433,19.439086091043663,4.6582216115322,251.41624812242767,65.48326730962448
Zigbee,Node6,4,13.060411436422687,3.1975910925057827,4.223457589614551,20.879807942400507,-2.839618174904004,257.0824854610039,60.25972400137648
Zigbee,Node1,5,18.656285555091948,6.530750832343697,9.573114258139585,24.472178410549855,4.836789252634135,253.7166864300528,61.91079077431746
Zigbee,Node2,5,13.767206531102447,4.436350972573657,9.265551568090014,17.879729728345467,-4.377082018699373,257.5612428590031,61.86752801069387
Zigbee,Node3,5,15.009138060460243,5.160573981049865,10.8738763394927,23.571938824359023,0.27041463911651675,273.7388533860331,61.80903192969308
Zigbee,Node4,5,14.373118538003908,3.956027160001742,9.742985038288388,22.968108314846393,-0.8587024747107295,237.3223026466848,53.953189874498364
Zigbee,Node5,5,17.277465480907942,5.541462728204788,8.846979198546562,12.22687312356527,0.353101314525917,236.34388879368794,60.730324458021194
Zigbee,Node6,5,14.907183008533128,4.005893766957807,6.079683983412336,26.181675849848155,-1.7532407310994005,220.1735011272441,55.06797847429758
Zigbee,Node1,6,20.135125440427032,4.827053940076577,7.256197714137287,15.159315806369776,3.9208468894023447,286.7792581873402,69.35683047227539
Zigbee,Node2,6,11.637532903438839,6.142326454538352,6.801727027105974,18.77983075086025,1.3720147680828045,247.79143352477263,67.62036125364884
Zigbee,Node3,6,15.897877741219476,5.742095372009307,12.603482578797596,24.684533590180557,-3.4983099918295837,250.80010372664415,60.14548008026929
Zigbee,Node4,6,20.16638581705491,5.088646697398013,9.542034277019507,20.270128512959857,-4.279156640013266,255.92403539280107,61.38189179991703
Zigbee,Node5,6,12.085157884468046,3.6528737104703035,12.400827815888851,18.029317163085814,-3.2589066466591565,223.8272254329515,59.62339462919792
Zigbee,Node6,6,12.87644196977045,5.282543526106793,8.436574958776063,22.638777763959098,-1.1806036034710408,265.17827751959044,73.89446503961518
Zigbee,Node1,7,14.247500950634858,4.677320161157864,12.656388283698115,21.66869002820198,-4.580487765683637,261.3971943020402,77.30610387629994
Zigbee,Node2,7,20.397814725056996,6.455618690081117,11.491602502120807,21.780287519580828,-1.617324940055016,228.6565866328772,59.13635719571533
Zigbee,Node3,7,9.100930231871995,3.955190805978966,14.112414259880644,16.69037490283495,3.8692490020926957,244.4686594103557,61.1517672695888
Zigbee,Node4,7,17.7390006608229,3.659446819996172,10.608252341339618,20.797695439441544,-0.39460502725860014,270.9390675839593,63.33701428699469
Zigbee,Node5,7,17.20463335814945,5.490974951638251,11.325762537334825,23.520421572455973,4.846697395245082,254.52553896759267,57.41985327857454
Zigbee,Node6,7,14.742320250846625,4.905628249964619,11.62537885128799,21.73373154137453,3.407030280112,250.76197125664163,55.83290945481552
Zigbee,Node1,8,20.106644833905712,5.308833012598964,10.481506358977137,27.805049342541185,1.8888530205009069,264.1377411407886,57.14590287841632
Zigbee,Node2,8,17.700685976745707,5.328652160373209,8.755243610018393,21.434269989882367,-2.53321135478377,243.73829902520222,60.968814208246144
Zigbee,Node3,8,12.4484386373721,4.7909767427139744,8.838953100390555,21.765735213261827,1.1598545026017906,291.7476126087852,75.77205544222302
Zigbee,Node4,8,11.6693298404712,4.4853584507818525,10.555966129485418,24.36443193497523,-3.511119496675553,213.75358586297736,49.36797131127403
Zigbee,Node5,8,13.881500543724698,5.722381357827771,13.45392770246681,18.801091443156192,-1.0847430182217064,255.61711814379714,69.84733248723371
Zigbee,Node6,8,12.747283350659657,6.6810923149304875,12.333097181954011,18.28100658502716,-0.19027110113876233,254.52791275527653,61.0649121405655
Zigbee,Node1,9,15.55365390959111,4.4357524013426115,13.08421990513575,26.018278664477368,1.7646793722636218,301.53758941590996,82.16732540055203
Zigbee,Node2,9,17.483550287887255,4.3752104530659475,9.985914402150529,23.937225865227894,2.0768093474091573,277.89755133413405,66.13552528760222
Zigbee,Node3,9,19.432590243165784,5.088406886291847,7.71662177173299,19.419021622160844,-4.113995703203828,232.07944198492987,48.27549447156309
Zigbee,Node4,9,10.90361393342346,5.480059580086683,10.379695672424928,21.730274198579217,2.85651618080232,296.5451445917408,70.1977878572822
Zigbee,Node5,9,12.121682289829561,4.773515901150168,9.255586447857894,23.26624585911256,-3.155237468663606,297.1146576483652,83.24923317700598
Zigbee,Node6,9,11.47658841969985,3.5891755019121248,8.944446271508122,22.314316975747474,4.406792451153406,202.60087896731778,52.072967372655604
Zigbee,Node1,10,10.215890798199613,4.533963498131758,11.027200213139434,18.401897481014267,-3.6652002758405624,220.7520791072428,42.34979450935874
Zigbee,Node2,10,13.86463784446062,5.205686374960684,4.2574346740850775,19.517285275852423,-3.4109183233064644,272.50442467281164,72.37758408979552
Zigbee,Node3,10,15.905375699458398,4.001614560811708,11.53216055676938,23.680799671652924,-2.3829431626409403,247.49614808800118,61.33148069685892
Zigbee,Node4,10,14.336660714134496,5.355022454421516,8.319437138685743,17.2315094308195,2.767105569551812,242.4042288003446,68.73591967410871
Zigbee,Node5,10,12.75836496255653,4.978632705651564,5.151519479454117,22.652136189083148,-4.781766032245105,268.4210974273108,66.52740044943263
Zigbee,Node6,10,15.261993173746228,5.247077377806304,11.404813138302131,20.29024968487735,-2.3984220903794884,247.26126771326992,59.591895034877545
Zigbee,Node1,11,11.237131730492251,5.794264679621827,10.587115864333258,15.930254586129784,1.085272726964666,261.66074956083816,66.5287937159018
Zigbee,Node2,11,14.054205467275361,4.191580175476613,9.146485766235292,18.374495036994077,0.6122278828252492,265.82404378774567,64.45752564932991
Zigbee,Node3,11,15.185039549543914,3.984178181021603,10.857633000661146,22.079316821789433,0.43538217342646046,254.41103888193064,62.093826101948004
Zigbee,Node4,11,12.512949241024913,4.917352214961811,7.467318988748591,19.826048157703298,-0.8823445841549145,238.79049452365294,70.50243742966457
Zigbee,Node5,11,21.172486409135097,5.619154261005198,10.041587415350817,17.815991176312597,-4.480434224457316,245.427588972379,67.8015083468838
Zigbee,Node6,11,16.807431628318447,4.3715151361039535,8.58193257667059,18.4686918427191,0.19385859503937297,279.0483453364024,65.6421647327488
Zigbee,Node1,12,14.242939493621137,5.323079273116029,9.416377462168912,15.31042757391003,0.38701797952714223,272.07774442867895,68.06639423125235
Zigbee,Node2,12,14.983807870915397,4.026553258600524,12.076777511469224,21.516272279650096,4.644766539008117,282.7368224087678,68.10595139459637
Zigbee,Node3,12,10.6851660650479,5.113270410537765,11.838457869150407,17.995567743383017,2.979141596158941,296.83244440543865,80.93996643436091
Zigbee,Node4,12,14.424535625380082,5.765390214170433,7.561770777361566,20.35316365214273,-1.8323832293247335,274.56433659069444,72.633052857801
Zigbee,Node5,12,13.78905461027401,4.665224667893459,8.089754841301295,21.270797196780382,-4.165359150106167,301.5631229810786,70.775655953786
Zigbee,Node6,12,15.723714412966045,5.1915209638659645,11.042590581191513,20.01743167562735,1.6791999880362702,256.6264011210078,64.3653502151729
Zigbee,Node1,13,16.284921291622947,3.9376064718531203,9.625711469990902,22.957189987039587,2.193536223691586,279.6846512891188,82.79403255077061
Zigbee,Node2,13,16.789327018682012,4.194628172949656,10.541949077692385,20.912578758660263,-1.8564988681625163,295.19690396997976,75.64632370852787
Zigbee,Node3,13,14.645794419026764,6.3171150673398655,5.756290201982811,18.176534038716703,-1.6479195262912727,282.4248636640277,71.0247029393578
Zigbee,Node4,13,12.480357310467793,5.545817174562015,8.869430447201836,18.767874022692748,2.4882633696330645,233.43215570342676,49.07826685480699
Zigbee,Node5,13,19.563948155767356,6.217158520825496,11.996621796295921,18.705139061845856,1.3414213829573685,260.09325225841525,64.92254102131743
Zigbee,Node6,13,12.629801024594165,5.372434646982213,12.389348288656043,16.635858085775645,3.3704112524294008,239.94833138708324,63.5963835946954
Zigbee,Node1,14,10.962060959259755,5.871297297457244,10.252759159092824,25.816786997174855,-4.668106454375738,224.99171688486064,54.97770195446294
Zigbee,Node2,14,11.049753459533829,6.028682610696392,11.44722117445775,22.002382344917937,4.071950307058298,219.69775270154338,60.735499314727555
Zigbee,Node3,14,20.699645804685645,5.672573701202731,9.734732507234853,17.076412085988075,0.46648220187788425,277.6770167321743,68.18316105762827
Zigbee,Node4,14,14.809661808167563,5.25293681426508,9.624931759890254,17.172303825670802,3.583416767991208,244.45347740511735,63.47767790412058
Zigbee,Node5,14,14.22135996724825,5.513105798176083,11.477620961775006,21.846102452039162,3.29394664858847,226.61403244888513,62.96844832544964
Zigbee,Node6,14,13.840569848244078,5.659380586186952,10.67902896763768,18.062685948090294,-2.58106171741161,227.2324044233817,58.297215320334026
LoRa,Node1,1,46.968202171657246,0.4980580394112267,2.399970950971025,838.3689391563412,2.431931987316034,44.73158790426823,38.636506799211375
LoRa,Node2,1,58.99135713687492,0.5428312962473496,2.4512346112508916,1021.4450833971641,-4.653297332735167,53.67152337780748,50.085844743969176
LoRa,Node3,1,61.61878302608191,0.5070052163113181,1.5363234329047128,1023.8368982734785,3.7897890028226726,54.87598814891215,55.208800653427545
LoRa,Node4,1,76.8753436569696,0.5653283173249538,1.0949837983637103,931.2066133162822,1.0192343101513153,57.3702802624404,43.99590178528921
LoRa,Node5,1,59.528745472029385,0.48625514853723084,2.8061391289943227,1131.4914453584047,-2.625665316251937,58.199822646856965,63.487190013861266
LoRa,Node6,1,50.30161572535125,0.4034502014170944,1.8717060349089132,759.7246065100313,1.0065106654835585,52.121171298559496,41.93077597374419
LoRa,Node1,2,66.95051040430752,0.5043602446372454,1.688675319132774,1019.4607455237243,-0.2750664499348643,46.28764707150976,42.88866333489982
LoRa,Node2,2,29.321452735640076,0.47798053729920426,2.2260166722928845,875.9939707529416,0.1657262844597902,45.5283368845579,46.32815075169184
LoRa,Node3,2,42.478435944094166,0.46907909229501366,2.15958725520959,1134.0450446023144,4.317537194328164,40.62413765177128,59.078535443469846
LoRa,Node4,2,48.05668454579671,0.4220848348071703,1.5568898281952972,1026.8661426683773,3.742225246851758,50.517720693196964,43.64550746388889
LoRa,Node5,2,49.39339186185379,0.6901190685753007,1.6457966165447686,848.6285607387173,4.07611002556555,40.98430161872027,35.045955235166524
LoRa,Node6,2,65.3132374457947,0.5772021562003423,2.4606238424551727,945.7627678561204,1.8658991349260674,50.724338323287775,44.15863923304374
LoRa,Node1,3,41.08807774584713,0.47314693520941675,0.9240922993353475,928.084668075758,2.511780478084181,48.94434880586153,45.59557170692009
LoRa,Node2,3,48.3169176603793,0.5511924091029274,2.613202571935192,1115.7096385463958,-4.898688159722566,55.880875526199596,52.094012017617594
LoRa,Node3,3,52.332161312635016,0.5708214423256557,2.4765683169566226,1028.7124165201824,4.024533072858418,46.93781312679781,54.72883608196252
LoRa,Node4,3,42.55215793273473,0.5058351004285477,1.151451307506874,935.4430571351525,-4.562609276910527,63.39054936819196,52.176128856530084
LoRa,Node5,3,39.72324859074042,0.51598563919974,2.6328539204323502,913.38251517855,1.9249282666922527,54.84728600263368,53.8941040212648
LoRa,Node6,3,42.54526507937885,0.684021713484199,1.5280746472881412,890.5413460447071,2.983803405183525,48.67115206753009,55.56173821088285
LoRa,Node1,4,52.603218387712204,0.5288693629279857,1.932845629264726,1081.0808273159782,-1.288275765623724,53.967443602761065,48.69895788284189
LoRa,Node2,4,57.79566727240382,0.6585646492885733,1.5066069771302275,1148.202249361579,-3.5740585591809126,48.73372544987395,52.489046992762006
LoRa,Node3,4,57.796605322693395,0.46919657158142586,2.655154373059804,1139.5683810789956,-0.9037110510476793,47.189159867108486,56.621738548798376
LoRa,Node4,4,38.16593811733469,0.6110302361982765,1.1855549082127426,1127.2487446598739,-3.5944703242163922,59.45693924775169,61.76459240609926
LoRa,Node5,4,49.855477291217206,0.4526160652929084,2.2731421240018497,1000.6422269810938,-4.690442090806565,47.81807054736716,52.06510564455227
LoRa,Node6,4,46.381886607674325,0.39018545219691536,1.0981092891109108,964.5012715886712,3.884036723086812,49.532829645415,52.509470522973665
LoRa,Node1,5,53.69642192198094,0.6173124637586641,1.9463489279978856,1044.7716925810278,0.41407607347585174,42.145619239657506,46.760992538274145
LoRa,Node2,5,38.197070604101064,0.5183300212104993,2.786407320458591,1025.0452407727778,-1.9766675064850627,48.90421990143469,62.5104803926065
LoRa,Node3,5,43.79152401748884,0.42122162480917613,1.9159280907076053,952.7909422302872,0.8046760099369603,40.10350094812106,52.92439432165119
LoRa,Node4,5,38.91835468809198,0.48281370135367085,1.8973564542559496,1233.416358012704,0.6937736118228273,51.459308810000074,71.5491900964986
LoRa,Node5,5,54.966992232365214,0.3770450405547583,1.7673447716099733,989.4051645695864,-2.722502638967904,63.221716735085174,47.193410445077625
LoRa,Node6,5,67.69116700263287,0.5265886298059332,1.819118465581593,1028.0121388969449,3.7709058101818886,46.67257292654892,54.047707074416074
LoRa,Node1,6,49.707371863150215,0.5377100393902187,2.5630251253860843,994.8606276411514,-2.142164444741298,41.134837658965594,56.91959767433163
LoRa,Node2,6,42.74731022038929,0.5639787331795537,2.1202356246651033,758.0254752588237,3.655771456245523,63.57973286156441,44.09658088607585
LoRa,Node3,6,52.85554074857657,0.4945105999383714,2.260561214189669,1064.5215585950057,-2.995254844715972,52.778022330017244,56.82155081245181
LoRa,Node4,6,47.955450203147755,0.6165806019208385,1.9323728373031537,1100.3566560183285,4.263826067300867,61.666222021426506,61.969731798580234
LoRa,Node5,6,46.11481546911114,0.49812912435541024,2.5620563599930066,1094.7526462122858,-2.0060441162831877,46.135611660881956,59.5897801467553
LoRa,Node6,6,44.684430627569434,0.6145389188547353,1.5528250436622986,931.6040498200903,-4.8568472233294,47.32193330787294,54.339371756776366
LoRa,Node1,7,55.16178287114958,0.5725095786847997,1.6792592023885238,1043.1922544673942,1.5854051567005492,54.00204762613841,58.65963324075154
LoRa,Node2,7,54.496559066258506,0.5584503216119309,1.6164727467146618,1021.1817078974478,-0.9245696896756916,45.89879335275649,51.88974348504563
LoRa,Node3,7,48.55481329284482,0.4324821725025618,1.6037900395000193,969.203847036096,-4.231379247238365,40.53192666523107,50.450372514470985
LoRa,Node4,7,50.03084126825027,0.6455021222763164,1.9103947626873057,1008.2512699323189,-2.0470950595205673,49.19317813495235,49.64387317786551
LoRa,Node5,7,40.600968988911355,0.42308576502127015,2.4147374209658743,980.6173861227196,-2.739710021840003,48.67742579344694,43.56610510737664
LoRa,Node6,7,50.23138723098168,0.5078896096598509,1.173540651080558,1120.3112646430804,3.886590802653986,45.72663527514292,59.15152163892906
LoRa,Node1,8,51.83849544753695,0.19804878441791746,2.900255590755427,1123.8946352939438,-2.580683196844704,51.04829707637313,56.609400370366004
LoRa,Node2,8,55.594490759950375,0.5843372622157059,2.1182908754380985,1136.9708777969781,2.753461504031356,44.22187259165569,57.36091205349248
LoRa,Node3,8,32.30924095110882,0.49744256878080056,1.652643434455471,959.0717561886896,2.486452341262,47.37955801032704,54.288577978979774
LoRa,Node4,8,50.153789813721055,0.43738099677784337,2.4775481897207383,896.7130771412947,-3.981076119339865,45.70775029812657,52.437795248026305
LoRa,Node5,8,41.807421402785025,0.36541290765267853,1.7618895632276705,1087.4389180712728,-0.6618258042347049,51.31280664500962,60.12551695992707
LoRa,Node6,8,57.56053322078647,0.4773739128826249,1.9672261966094975,1198.1691806400029,2.0385709163433123,57.843893020514244,56.45485057851125
LoRa,Node1,9,62.36130721806218,0.5965397484591171,2.0443287954807188,1019.7315707405595,2.818238633449356,46.91174052282825,48.90437081640069
LoRa,Node2,9,51.397769697662355,0.4561890175756405,2.203962508757143,987.5024213641734,-0.42300394840706,35.83740214611896,48.51777439998712
LoRa,Node3,9,37.79287574085841,0.44494631505084165,1.7459299011763445,985.2219681182529,3.2217988681642336,47.733757954884936,61.045287360040604
LoRa,Node4,9,54.825240488285914,0.4603337840178082,1.814704738463774,1210.380609212741,1.778132003100442,48.6349011963699,63.76899873088409
LoRa,Node5,9,58.17889658025029,0.34462412339839354,2.188204763048758,909.7948445642489,1.4483260402231384,45.65168459362653,51.1438493939561
LoRa,Node6,9,42.38592456715195,0.6547999753924019,2.096146489070948,985.177712240823,-4.419080479196502,45.60758581725965,45.7479270013053
LoRa,Node1,10,39.978125442185274,0.5040919175395722,2.370412172710063,948.6786433528415,-0.07135415552553326,48.85700042329991,47.07264681229659
LoRa,Node2,10,25.901118328931922,0.5778979712044001,1.9613138043336136,1001.5019226594289,0.19032280129548695,52.69030860090905,58.21903023719277
LoRa,Node3,10,61.143216946688725,0.3819187184691155,2.357690657720622,1071.8185725707935,-3.744497852373466,52.192378694048635,55.04603277511551
LoRa,Node4,10,51.92234764195231,0.4762304875310359,2.4904267245687377,925.7770479808365,-1.2826070509366971,39.192198333404036,47.436342893827245
LoRa,Node5,10,50.50887701856018,0.5164760841236516,2.086670832185204,1024.39531979085,-1.0199470704549718,48.883988726825976,61.20291222252573
LoRa,Node6,10,48.20375999764763,0.46041712192683376,1.628432867616008,920.2997196417818,-0.26190171602053347,58.35741445591046,50.73985544638332
LoRa,Node1,11,52.30700905718683,0.5020886488295961,1.36991761741371,938.3638591960522,1.2241364156599666,48.12401809838032,47.1256317247864
LoRa,Node2,11,64.1299475562683,0.5393269223470222,2.1628536789066,963.0414471082863,1.7413029553606298,43.50936557472685,54.38497657422668
LoRa,Node3,11,37.42422141085384,0.41891424887896617,1.8829900704465092,1046.6358374446334,2.0772135026752743,54.93667258294551,58.41147322415924
LoRa,Node4,11,48.44178525670897,0.3910919883852195,2.018930957504475,1058.4572627949567,1.796203327351078,50.01901538061594,47.837073689650566
LoRa,Node5,11,46.42554577189573,0.48099609649985053,1.9098041591187962,1137.284847467653,-4.561000573569949,38.940690443352466,65.54480360986358
LoRa,Node6,11,37.678576701851675,0.4799250836447136,2.2239308738758967,1037.1094051313921,-2.404582168239097,50.23980722990773,59.02552576086175
LoRa,Node1,12,36.368259954071895,0.7024309623286853,2.094853083805198,933.8017822203391,2.5731020713443886,52.12943603096518,52.83609450853454
LoRa,Node2,12,37.56676071593901,0.49151101814976467,1.5192558151722313,1083.0852324279367,-3.3730025619143413,56.962360814712866,67.22594423606537
LoRa,Node3,12,53.5561334878566,0.6484116028535964,1.8434709847384227,999.9291405423354,-1.783300103404514,43.74796133015141,53.71283287836029
LoRa,Node4,12,57.141034997200926,0.5469571818348433,1.9230869864008167,912.7070323260434,1.6243401170106804,49.90125453232687,44.52473764391467
LoRa,Node5,12,43.52458194364841,0.4641659847978778,2.3720959857499686,981.8775826781897,-1.0754181377051997,46.75313480839287,59.113996909542706
LoRa,Node6,12,51.50405438176164,0.5247511916576204,2.050260047254081,1058.7731652479943,-2.4899861673769976,55.959794280585584,54.15341397265974
LoRa,Node1,13,58.92597338299309,0.3029896182288164,1.3944140353596093,1073.0764119066525,-2.791472170369911,50.07136533918217,49.98668205406943
LoRa,Node2,13,48.1058632901845,0.5213903868201482,1.2298761839844616,1198.3386234851712,2.5877625375732514,52.74615398250824,76.80342383766435
LoRa,Node3,13,36.696863742610105,0.4101215951676872,1.9054398046114833,1092.165011192446,-0.024601478538977872,49.36225439811233,67.48002659480349
LoRa,Node4,13,36.74490088317594,0.5409028053742637,1.7246394021522444,897.3780361254973,-4.288417148265672,48.168842303408695,52.33068899581981
LoRa,Node5,13,51.98948146796494,0.23957861433728656,2.218369275866755,1040.4294754961697,2.711228158518866,56.17891095911077,50.47118592670987
LoRa,Node6,13,54.22655065501604,0.40478211932606506,2.0547353020236443,1105.2528941349663,-4.624289096010926,47.135639552311254,48.426315628874065
LoRa,Node1,14,45.12771435886448,0.5347676483538336,1.6621459604191942,1003.4152417488025,-2.695833378826501,44.563770305685985,47.318472707152196
LoRa,Node2,14,58.20555419006373,0.621737356975163,1.8741346590037475,1113.362347185905,2.126213330985128,44.68851422416813,49.47534215503241
LoRa,Node3,14,54.62060893251896,0.45355957376906125,2.3916952546412977,974.8461113955505,0.9063783399463778,47.012449026541795,57.01306382899925
LoRa,Node4,14,52.285765275178974,0.44015740646564394,2.901082404215723,1038.310021207322,0.8377278051411166,52.401523265066494,52.09207939296051
LoRa,Node5,14,34.96919698240182,0.5650450092536139,2.525973808861459,900.1939372685587,0.1385446420676768,48.08014364023824,51.702078059824444
LoRa,Node6,14,51.570536054014504,0.26908162687151344,2.5409710298704247,1099.553246908308,1.9459542725328536,54.08036421696924,58.050115173529704
NB-IoT,Node1,1,43.372692884915644,1.1331848504108923,11.677881000939225,469.13734067265386,-1.6438954573015732,94.4169824605397,34.475741235008286
NB-IoT,Node2,1,47.50048097763812,1.2116414093887815,11.267223081151663,504.39844105264154,-3.36964663068409,76.0872556897585,36.025957150977646
NB-IoT,Node3,1,46.79281688594515,1.1391075515131555,9.412066104671636,496.4200374070967,2.0487101004338175,84.82126253319191,36.06311149333016
NB-IoT,Node4,1,50.557155955818395,1.0386414845428387,13.638446366599442,501.99681986073455,3.0000348176368146,97.62056452652925,42.26410661533398
NB-IoT,Node5,1,48.77722169402956,0.5693314160257511,9.042325087983192,456.86121179784396,1.72702994208898,106.93478911913994,38.84993076777722
NB-IoT,Node6,1,46.17675831180232,0.870121661251251,12.223157314263936,596.7352999216695,-2.123672709563218,100.6974684884105,44.1664936838849
NB-IoT,Node1,2,29.178637713251725,0.7941256983635857,6.955281627564218,555.6344187494963,-4.316467996900414,93.70736606307212,54.191062732285516
NB-IoT,Node2,2,47.4558380396766,0.8592690900866977,13.62668790396555,467.1283921223431,-1.260789529871864,95.67762160835373,38.651542357766935
NB-IoT,Node3,2,44.01426188934036,1.0320036451705574,12.234797631804922,572.4249614946464,2.509397983633183,96.40231354210914,38.696346609531346
NB-IoT,Node4,2,35.77570401717636,0.9411470256412887,8.98584876895299,416.5774224044476,4.706765454097441,86.7168504853495,36.68590224369344
NB-IoT,Node5,2,32.60613484585357,0.9539198571588465,11.780396822249573,551.7624667361877,-1.0238762144712945,81.53812137761906,38.31928186117757
NB-IoT,Node6,2,34.69772416964507,0.8342969127725001,6.505093830609869,493.59791468626946,4.685373316998922,109.48446349861536,39.34822269750696
NB-IoT,Node1,3,41.414566977115186,0.8556524893325493,8.906639830825469,486.41724448369735,1.4850482011868813,116.73452090298537,52.996991633282875
NB-IoT,Node2,3,48.10940592435091,1.2379822794482336,6.850041061133952,546.3031188905983,3.6609563361169144,106.55601427549507,37.523011226956605
NB-IoT,Node3,3,42.72471373120398,1.1102952550479046,10.781391841856289,433.67639358444586,-0.9184830913330186,110.47317706621448,48.06227307694064
NB-IoT,Node4,3,37.953270904775266,1.0087559525427778,9.345763606822375,418.82223809884334,3.398016066644267,98.90230496183858,41.63076259408791
NB-IoT,Node5,3,31.842685290463073,1.11292118517872,9.952895698251524,491.2822871048582,4.14548663848559,102.25307922040942,43.03310405154034
NB-IoT,Node6,3,36.48795239303017,0.6789069820561907,13.354925860625212,475.3776962834741,1.1329168488737906,100.1580754411184,42.559553281338246
NB-IoT,Node1,4,45.517662441961555,0.7415474609788762,8.994050458897314,513.1743607665529,2.387231507265664,102.94224129013493,42.12121457970757
NB-IoT,Node2,4,33.035863153218486,0.8602790328807891,13.41002829441406,484.95983438915357,-4.188508214637609,116.14976818911148,53.47224186360205
NB-IoT,Node3,4,43.776018167354195,1.0999370220605869,10.151910535832174,537.1341209179861,2.42881493667939,104.82248952680658,39.342544095861044
NB-IoT,Node4,4,53.69549756653624,1.030867337412882,9.629918554678392,469.02221624891575,0.3833194325571343,101.53831916078256,43.18201401495601
NB-IoT,Node5,4,28.9516431747698,0.8428027934730036,10.60763719120975,536.0781252563072,1.3024721945615791,97.69133626155231,53.95119595728946
NB-IoT,Node6,4,31.861408737620764,1.166141970099218,6.769267097446548,398.22345785910636,-4.359936533913791,105.38324022396927,42.05070689861411
NB-IoT,Node1,5,46.876703095838415,0.8900885728182839,9.22573870042097,497.7294391033881,-4.43823922652561,100.2538842054241,32.387749009583324
NB-IoT,Node2,5,39.86771399801899,1.1586338733586197,10.504120685410555,481.1933809512932,-2.3976340201477067,117.49224202527154,41.88582246419364
NB-IoT,Node3,5,37.76191865203332,0.9442074139336383,11.580743792103423,517.0025647284446,-3.895681365888973,105.70612997219531,51.20132097341358
NB-IoT,Node4,5,31.06340686030603,0.7984372202525137,10.199211513042881,417.01222072609687,-1.46210841263564,78.55197297449763,38.27264714986387
NB-IoT,Node5,5,44.37811837902373,1.0963732123436982,11.09776767063473,487.25221032231514,-1.4557505120694514,98.745457399971,43.32422506747061
NB-IoT,Node6,5,40.07230549209846,1.1415272847416975,12.129753478580476,392.986706061101,3.588167711681546,85.99326008881437,34.58087467375621
NB-IoT,Node1,6,43.861503097673705,1.1843603003954504,10.840188980903683,530.3425296607835,-3.3963459388025683,120.56543564829542,43.84088688409784
NB-IoT,Node2,6,44.278228366440075,0.802438233082396,7.925964861224467,537.1907849250229,-3.386371989446163,101.12104946824518,53.20999836183731
NB-IoT,Node3,6,29.931960714597324,0.8580840290501655,9.565965899151259,484.575860577209,-2.5464768583378894,124.26716486345522,52.81533687015534
NB-IoT,Node4,6,35.256587735615824,0.9707826356936641,8.52602763916649,465.0755602138153,0.5687844317209585,101.12550715008229,44.82441490470782
NB-IoT,Node5,6,24.96060491888764,0.6828033375524083,13.741930350743564,519.4807088685452,0.0011275207662695408,91.31707268123634,48.063305720872755
NB-IoT,Node6,6,38.07015146962119,1.2030456183330145,11.097757687637912,610.9600635980889,-3.8279609431976658,102.51836750623619,45.641228805370034
NB-IoT,Node1,7,36.735193286718236,0.8209307355273952,8.008369210419541,532.5568120911828,-2.956836166010297,108.58451116656666,46.448784839070775
NB-IoT,Node2,7,42.07658849184177,0.46304239057650154,9.908599537806442,461.75040256219364,1.8863162930787558,120.28628924269873,50.571614234739435
NB-IoT,Node3,7,54.06896387356107,1.0561272808980273,10.744210945213727,519.4579597833964,-1.6637160416313437,99.46879346982455,47.61859307487923
NB-IoT,Node4,7,51.44124509247902,0.9522174316031943,10.667455727123746,485.11945189416525,-4.243002726902125,99.09875259008989,45.42390057041038
NB-IoT,Node5,7,36.34158675930568,1.2474876269368278,9.91435323737685,502.90113674041976,4.680658120507589,108.48430882205284,34.8950187265434
NB-IoT,Node6,7,35.522060211236145,1.0383078598889661,9.612101199114694,466.83478391127414,4.971823539029504,97.05220715700257,48.255381561626926
NB-IoT,Node1,8,44.95769156772909,0.6246894587916252,8.729275222348742,440.51666704548194,-1.3042580057322684,93.75654610286776,36.67635203632495
NB-IoT,Node2,8,37.73722763057766,1.3523377861584385,12.578793726860049,548.4003237470317,-4.946865243316541,97.91045844775986,56.8117871543035
NB-IoT,Node3,8,45.34672390974465,1.119758877912382,8.531652402443008,504.099777820678,2.8195997715795915,104.57280404615241,50.60606964639595
NB-IoT,Node4,8,44.992571320955804,1.1502261695611702,7.711477137216583,502.8645177226508,2.4225318719908717,110.7424723394466,52.4563502646018
NB-IoT,Node5,8,36.164056260806056,0.9113911957743035,10.593151090281523,523.1592397633792,0.9715530599030187,101.97292265631206,47.25907958206549
NB-IoT,Node6,8,42.48473007098162,1.15682551817294,13.729250113646158,555.4964797940168,2.1639711195809896,99.07601561396652,39.573053978069055
NB-IoT,Node1,9,34.783288891255516,0.830473214276183,7.820733925315223,460.7619045936148,4.0783851388353405,96.2949190140997,33.95462820893397
NB-IoT,Node2,9,40.24835918209885,0.7255250799401188,10.444532264896484,476.0331569279574,1.5951076864077018,111.558850841927,42.71935965814973
NB-IoT,Node3,9,46.83620181653293,0.8684330892295726,7.816132199209374,544.5123750418254,-1.7548819982465789,101.71839339793532,47.18412008479457
NB-IoT,Node4,9,35.123457369312135,0.83651982061853,7.973368328804549,535.0593163035187,1.6196894479386863,84.74070281227404,44.97013235337394
NB-IoT,Node5,9,45.005047469168005,1.1104599875359047,8.60645636314085,529.1013283542363,-1.3165278620564869,102.60442263333556,41.6705633269261
NB-IoT,Node6,9,39.468899059280226,0.9079847491733003,9.334725363298082,524.5771060438655,1.6684739130565802,94.61962756862577,43.44700526910949
NB-IoT,Node1,10,37.583636004081086,1.135828555087639,9.341104427305817,536.5935352144148,-2.5099126389091007,103.35058029084118,48.13172905973104
NB-IoT,Node2,10,41.00292252612135,0.8585413238728077,12.322797574862811,459.4371440431404,4.976282974021565,103.68600829120203,43.51242911035776
NB-IoT,Node3,10,38.04735621060639,0.7966633742847006,9.921385424744738,493.2751607799134,-1.8722201078964593,103.33859966568535,51.37051918260636
NB-IoT,Node4,10,45.5350491588407,0.7597393300464332,12.669806495686888,531.4874939199337,1.246140481145316,110.71411301887491,56.67873407812086
NB-IoT,Node5,10,48.36070779267803,1.0498617191283457,10.289775666193782,501.19515216424776,2.073970000329277,96.48585764286267,48.56638483689441
NB-IoT,Node6,10,35.574462532520904,0.7291963283003191,11.40728323158635,507.9579472666053,0.27677466221694935,97.93519014823153,46.91485787644653
NB-IoT,Node1,11,47.08185186391193,1.1251016033662071,8.815288088695892,506.1773847977791,1.7753161388368461,119.54157433750287,44.37945241311021
NB-IoT,Node2,11,38.71703199534041,1.1116583349511593,10.00275930201597,436.16135239344567,1.4863895676881551,111.12946530207202,48.49473804607046
NB-IoT,Node3,11,36.11755331705705,0.8515031534923232,12.46174902630947,584.2507139354254,-0.44828008266343566,105.62880860174354,45.5211952690973
NB-IoT,Node4,11,43.78954509385782,1.1905196789297814,11.046158008004788,566.5433590183584,3.028109348245005,108.46518091727337,50.494752591011974
NB-IoT,Node5,11,44.46511611614805,1.0087029337286932,4.940879844611394,485.1696270465101,-2.2298747567402124,102.4132193491678,36.12188515070706
NB-IoT,Node6,11,46.12221150691808,1.0302220874569614,6.521868737791133,555.6452833690466,1.068469555401391,91.92564598530386,41.70203738882149
NB-IoT,Node1,12,44.98168979120215,0.7738769330124947,11.259059168443622,459.7842120170004,4.972378999036026,108.95355430762599,39.18282262048574
NB-IoT,Node2,12,40.59821014337575,1.0577307861614968,12.384993118062942,493.9943178394315,-4.3298346224879,98.17579002847583,40.4731878291747
NB-IoT,Node3,12,34.02737322767809,0.958828113823932,9.646451673768436,422.5690850568127,-3.325089109058923,95.08846252857896,38.089265829578366
NB-IoT,Node4,12,36.29747450928391,0.6595573467839977,8.774610708244783,552.5947528632802,-3.7032102177576465,89.85065193690359,40.2874625872083
NB-IoT,Node5,12,29.631066686000842,0.8460007867605085,9.087758345051624,509.07133100569854,-3.5307807641622926,105.95029465835565,44.5669267208735
NB-IoT,Node6,12,36.958067552558376,1.1762366686084014,6.1638007989924155,492.4947889207248,-3.6285151184725684,113.52028476180715,48.174810999533875
NB-IoT,Node1,13,61.544269311843976,1.0367669032645008,10.699600049135816,449.7972701578995,-4.177276757229381,99.04535752910927,27.65097127422564
NB-IoT,Node2,13,36.84958505245195,0.6228466162491515,7.628278905739593,383.90217913290945,1.6721233719418107,105.41842089336318,47.251670571805356
NB-IoT,Node3,13,42.94986517854016,1.0964133454670772,10.787594596432504,403.6163710327195,-3.0483348278134956,97.21116605849244,41.67952709114671
NB-IoT,Node4,13,39.40204665479867,1.3405392976695873,3.3504885601778076,426.5538268164903,3.597946748116456,95.75551296857519,43.12259975200926
NB-IoT,Node5,13,32.60427209496356,0.6592256826346562,13.125777537016395,486.3003459085348,4.514448256630919,97.56616020624982,41.97113499228257
NB-IoT,Node6,13,29.959138005946915,1.0523900698682627,9.297607596392469,634.2337119032037,0.5266226777674818,87.66731173703123,52.1594495472587
NB-IoT,Node1,14,30.657763589856522,1.295386885223655,10.433551127525257,445.1348736183578,-2.8129019967641677,94.11133173261304,37.039328019009176
NB-IoT,Node2,14,36.55691618882387,1.0883972012790062,10.760762896432622,490.45793406783247,-3.569988773342736,100.67493681247275,46.18677491420615
NB-IoT,Node3,14,35.89442908389283,1.2435918304611118,8.564162218504796,488.47376874098745,2.9592638714350237,111.7972520836071,47.246184373356435
NB-IoT,Node4,14,32.17730239702971,1.103999815159562,8.63521801142821,466.1585391806494,-2.367526534819888,96.39352087933808,44.9785406976114
NB-IoT,Node5,14,49.831844019912495,1.106963467269182,8.72538450594241,522.9193351775742,-4.062234737429835,79.12972981397931,34.44668098275153
NB-IoT,Node6,14,39.781344527151255,1.1658259654672227,8.687608090223113,463.3553557136387,-0.3370058706018124,99.30421791078774,45.72285006122668
5G,Node1,1,5.457686586053552,93.93134822142825,108.78742735912148,47.501349119241844,3.2755305227404694,1947.375214348258,533.9633932930616
5G,Node2,1,3.889996428114073,94.00633506159681,186.150729741107,51.107458116391975,0.012756446257293774,2002.1280437104062,553.5593820158479
5G,Node3,1,6.724696649761109,79.15887060501412,145.68828720899467,51.436644522015044,-2.625214432477425,1995.4487754698757,536.4156557206547
5G,Node4,1,4.106506766112392,102.49178671713898,137.78107810244342,47.268704809369794,-1.0790642309542733,2122.123566006696,574.2168323126252
5G,Node5,1,5.35845361820962,94.64664912983777,139.0356558642679,53.789609249618096,4.291447172116873,2068.55077387902,570.0815153418482
5G,Node6,1,4.83377851528985,93.60008183222551,173.00782411548263,50.68922252440392,-4.698961277886811,1929.727198408736,523.591793636316
5G,Node1,2,5.252240396426678,100.91752484448372,148.25656435317063,51.07356591585263,-1.8245029974241156,2157.8118057562183,591.0755691221714
5G,Node2,2,5.533400851237562,103.3134164677934,135.5596945183807,45.09506400835541,1.226895409497974,2099.1258658192087,575.6100773804994
5G,Node3,2,4.770451344639653,93.9601937403077,125.40773756211848,48.037644469695636,4.354845135274957,2099.657051057945,564.5406674444425
5G,Node4,2,3.845305257367134,95.31566151719633,133.56898645486146,51.49195923283152,0.015179603501663586,1994.4801765712623,544.8008125811143
5G,Node5,2,3.36952675628486,98.13103841838016,168.08991774820225,53.88703676382256,4.043597749938572,2046.667098196608,567.3383755847204
5G,Node6,2,5.699013620013005,105.66085982744214,159.53169042471538,44.41290913243302,3.8458688822961378,1829.2615517456013,498.0874464985347
5G,Node1,3,3.893706487588366,111.35620147182944,137.6322875770849,46.9570513838015,-0.700423802201783,1947.1022291935985,530.2669907456383
5G,Node2,3,6.712667712838569,102.29314128434648,149.06003214701155,40.74684179152574,-0.661560771447558,2078.0342811616447,557.7064125254824
5G,Node3,3,5.10575379127148,109.11362722174722,168.95560016482003,45.76842011267132,3.209810172991409,2054.3479378670095,565.322464557082
5G,Node4,3,5.8098893216611165,119.09418652293493,146.7489522839364,54.29656895561486,-3.9554548189984864,2046.6716234005182,566.3535152474334
5G,Node5,3,7.411676675578422,88.69796275326075,172.7459108288036,53.01059160196242,0.3229187595145442,2007.2036861283746,545.7759048984533
5G,Node6,3,5.58224447756376,82.55669280721742,149.01038068663786,52.25327777667327,-4.472347421403974,1956.9285299539708,529.889711338477
5G,Node1,4,6.887687657340191,95.86394466578356,158.34829686800637,43.32259215450054,-1.4079125301730966,2048.603628941764,549.8673880800504
5G,Node2,4,5.433388615733895,104.2956300020348,117.5353519822824,48.357002809542216,-1.7182051720238798,2115.356342865986,570.7053526961153
5G,Node3,4,2.167844401889431,84.80653924523158,143.23261712386503,52.758703999554605,3.2362361074897343,2120.026174973883,569.4985149332251
5G,Node4,4,2.7636709716858547,92.07791093815308,156.16143284363827,49.06598304369499,-4.673409392155041,2033.607116792567,563.561403859605
5G,Node5,4,4.341751587666152,75.1167264658701,156.802630688317,45.0885298287266,2.1475327644394584,2005.8984221589596,543.2029485880273
5G,Node6,4,4.293439421166527,98.6519912849279,154.0000914567498,45.464959208086704,-4.231969516855784,2017.9831079537907,553.5546117061391
5G,Node1,5,2.950058721422522,107.14609790636618,167.38611097433846,48.31872630659464,-1.2654205486729477,2042.548993324023,567.3951190170544
5G,Node2,5,4.711204697300514,95.3478313338192,133.96069716871762,41.06527134330076,-4.29891860358743,2115.734631172357,578.6930323149792
5G,Node3,5,4.604319288243736,87.97850473923911,154.76179891875262,48.335697978087445,-3.3179634423348183,1990.6613141100052,538.5502184922786
5G,Node4,5,6.018157247648752,101.53101992934326,150.21366246020568,42.11824145550282,4.343041141674902,2035.3547863198676,553.7248445626034
5G,Node5,5,5.6927227551168595,102.25264117247549,130.96004255179952,58.51257329064803,1.7743807122829445,2020.2328796422803,558.687666090833
5G,Node6,5,4.49738038616824,116.26380405668633,145.52104893585562,51.37013676336043,3.4466590909022425,2015.187760961394,560.998943874675
5G,Node1,6,3.8828135382929974,80.32930296412847,147.2123137171088,51.549994915827774,0.1409544255125974,1994.3411511100105,545.2940533042776
5G,Node2,6,3.2354040907229527,106.72943204495039,146.61514945172897,49.57195955264377,-1.5419390158957502,2150.7633558913685,582.8190365813981
5G,Node3,6,5.583544303011887,110.41724664058852,148.0572412970484,52.89928642647566,4.903323037936483,1929.310743201265,535.8194515261258
5G,Node4,6,4.663621336889596,100.73434519241118,169.23545211173405,55.438699216168736,-2.7732392087691506,2044.3501720584525,554.4499225144449
5G,Node5,6,3.1301836604678357,104.50603412862539,132.57324234131454,48.58430551628116,2.572829782755007,1969.9140252859174,532.7147931716872
5G,Node6,6,4.775254379485015,91.59529064314069,133.00996422184656,51.72177884643978,3.6840952394693396,1962.633792173583,530.3485079100052
5G,Node1,7,5.739653151724672,98.60602799336766,121.3596586873906,56.59151162426335,-4.886974634109775,2007.2680524329342,543.4033153347457
5G,Node2,7,6.00459290912649,93.23329196751986,151.45242266114275,47.48076623587561,0.44198662503702213,2034.4384217378536,552.5040126954567
5G,Node3,7,3.9788375424397,109.51549770574043,157.10207848552844,48.661794545506034,-4.494268961757712,2084.677077521649,560.9600251058049
5G,Node4,7,4.730983453585178,112.10243500506877,141.13774351896294,53.275203068908944,4.303984201693256,2063.566159675096,562.3946633577606
5G,Node5,7,4.103357772684792,98.89334631442671,162.62975543178192,48.15396399776277,-1.6559882101125134,1709.3011780678357,473.05198972721297
5G,Node6,7,2.6297475199341878,106.73132020689712,153.78251025713362,44.06965384300293,-3.461000953062263,2060.844206947419,568.0308767398219
5G,Node1,8,4.305399630836855,95.40909689781009,132.68455997650523,41.240855966241405,-4.653272957739336,1961.0076293440554,534.3669863726398
5G,Node2,8,4.140499960199823,115.67796131196472,157.87785585506592,44.31096420173183,3.956899442666165,2052.3395016902014,563.137715861794
5G,Node3,8,4.247564762646965,89.97782981073276,127.99822214076485,47.492989265571815,1.73092130911217,2097.531245847798,568.1927135067592
5G,Node4,8,6.182352844091784,96.24506113647783,157.22675561791925,46.52069289927612,-2.2935605801823433,2140.1429002266077,575.1278019558447
5G,Node5,8,6.829620201716088,108.9295387010877,143.85470111055753,53.56161079790081,-0.8880952413050895,2228.1651836538845,602.3739805118017
5G,Node6,8,4.215509356757891,81.6392801249746,167.16909423075134,51.04856649598683,0.5619069263001162,2092.804507100569,568.8051930991959
5G,Node1,9,4.3230048615414685,90.47683619261203,138.41010832093764,54.15095905931305,-1.7567062264848197,2090.0398588395065,567.6809352883282
5G,Node2,9,6.688442155746131,109.01623376059364,174.348947782293,54.586575806793874,-2.2407730561945316,1827.9554389763289,517.7707085772382
5G,Node3,9,5.721479323757343,92.64696539318048,134.2478889059678,53.78747574668743,-2.812861110934608,2137.0536143996715,580.6440175870184
5G,Node4,9,5.32543685943381,110.72886742992894,145.70747044968044,39.42566852491505,-0.3466306606051397,1979.0978900348641,546.1548327541748
5G,Node5,9,6.911419087139723,89.29147581315561,130.79316643496298,50.9473991061054,4.653027236303998,2100.74439731952,559.7106801533737
5G,Node6,9,6.951142048297795,116.22193101549429,138.40374816644277,50.00250032516815,-1.590414285644417,2019.6304416924356,550.8149131235958
5G,Node1,10,5.771920154836675,98.27198262603535,156.61960727548868,46.334219014450014,1.9783278550517007,2022.899639245934,542.6423685968541
5G,Node2,10,5.152434766874186,101.11276768053276,167.73351043407473,55.80349501798592,-4.988879058038126,1988.434643145177,547.4879235211832
5G,Node3,10,4.287779236350949,91.18931663338708,167.80101930265997,57.18167702852989,2.287780544506475,1976.1889563687946,540.3012887256782
5G,Node4,10,3.754406088385445,111.65032104839457,120.44999316871689,53.54359336758966,-0.979727831117593,1923.9810551037913,529.9463110202112
5G,Node5,10,5.721135362545581,108.81407528923572,136.2558884915441,56.777214005527476,4.576316462725879,2117.01987091966,577.6620794567101
5G,Node6,10,7.765979614439267,106.08407753799226,151.48707509127186,45.791440269809954,-1.1127365212345328,2141.8240354757563,575.2778601795271
5G,Node1,11,4.7883330180688235,96.6987990603355,140.5839914087324,48.55980563038962,3.7361852873721535,2141.8531345148035,567.3757936185364
5G,Node2,11,6.014645386439412,94.38053752304899,137.73426786404804,41.83698627156338,-1.847605653505492,2120.595601790454,578.9270552339535
5G,Node3,11,4.062074423463601,103.38552876285914,153.2493746310693,44.87123658179861,2.534721106595967,2110.0821398422604,580.4723967659628
5G,Node4,11,6.083340437911316,99.99880851440906,161.17545844369198,57.19722857576568,1.1710594442865627,1954.0451058838244,527.5225470409127
5G,Node5,11,5.416446038101452,96.38537233306015,149.19142726491393,45.08848209811343,-4.1396784296705675,2112.185785623047,584.8595232610264
5G,Node6,11,7.278401986529228,111.80490877972962,159.86047445084355,43.64795628010285,-2.4768807293031294,2197.08642707178,599.5523448047272
5G,Node1,12,3.454270213309267,109.13771621385585,173.84758467271027,52.870356104470005,-0.3381840887244305,2139.9594645145794,580.374873684645
5G,Node2,12,4.079761470223623,105.98739015993141,119.61872875019282,54.04462361139505,2.6652731622162715,1962.5819724009816,535.3787697790492
5G,Node3,12,6.23000057271915,89.73630792334107,135.52941861373927,58.14234277386161,-0.8772027216833447,1971.561535039349,543.0221055215362
5G,Node4,12,4.021185753918861,102.18025092132565,148.67933296235935,51.69126243764589,0.05931654319558444,1981.8614596890714,540.2929619495566
5G,Node5,12,4.020278775283193,104.58168114788698,132.70001395191383,41.56327826444645,1.5969027293047429,1820.6107502132108,494.2142187989992
5G,Node6,12,4.220704400478568,119.9283262527003,152.58790174384634,52.55431494574159,0.8173664742118669,2244.4582752582505,611.383151719425
5G,Node1,13,3.9759714091136207,83.17341305877315,145.8028448643449,45.17731102544904,-2.9116906450541,2050.5965553455867,550.1493420301324
5G,Node2,13,4.318944839385321,100.80791629721979,164.93807964988392,51.27498375337299,3.0301188152632044,1815.3951749555945,506.7319474425029
5G,Node3,13,5.078143062969647,91.83782755458036,162.92454186746917,50.69530199326709,-3.5653054298197997,1842.3003517809002,502.10216993715227
5G,Node4,13,3.850628389784127,97.78311420000932,138.65514863057138,50.86275095902095,-4.198132431878867,2120.2477747653006,576.8310462295257
5G,Node5,13,4.595602576816039,122.71449745422797,157.371441790803,52.84880178599323,-3.7565415856912967,2019.548173155329,558.8554573512054
5G,Node6,13,4.186469650633764,105.59577061510467,148.479326156037,47.53613635878531,4.359372482485595,2263.3537940031606,616.3453809802418
5G,Node1,14,7.046862195719558,97.77525103221734,139.8759897181417,47.98462005467485,-1.19048154976525,2199.1553302204734,589.9980829534264
5G,Node2,14,4.410432616007599,101.31644566919285,146.48497633436904,54.037223590041755,-4.5163728895121915,1970.6594484157954,532.5067880930327
5G,Node3,14,5.418205755887972,104.25843658629829,123.35982368927397,55.31970493780428,3.259323085500162,2025.2568845996623,558.3697726741397
5G,Node4,14,5.573687030002554,112.41147343878727,127.17604736050995,58.73369468754173,1.050895185405384,2005.1783851198954,552.3890147363365
5G,Node5,14,3.723695583461664,105.73744421004413,130.67538573804694,51.46357741070927,2.6369226935032053,2014.5521197768242,547.0527825751503
5G,Node6,14,5.132272790497422,84.55622646651614,141.11235652180605,51.17488937408123,-3.1554094894011664,1878.3674167204902,509.70918361837306
